ds,y
2015-01-13,1230.88
2015-01-14,1229.95
2015-01-15,1261.64
2015-01-16,1280.3
2015-01-19,1277.08
2015-01-20,1293.94
2015-01-21,1293.44
2015-01-22,1301.73
2015-01-23,1294.55
2015-01-26,1281.24
2015-01-27,1292.35
2015-01-28,1285.1
2015-01-29,1257.25
2015-01-30,1283.55
2015-02-02,1275.44
2015-02-03,1260.2
2015-02-04,1270.05
2015-02-05,1264.7
2015-02-06,1233.72
2015-02-09,1239.68
2015-02-10,1234.0
2015-02-11,1219.16
2015-02-12,1222.5
2015-02-13,1229.7
2015-02-16,1231.47
2015-02-17,1209.4
2015-02-18,1212.99
2015-02-19,1207.45
2015-02-20,1202.39
2015-02-23,1201.92
2015-02-24,1199.89
2015-02-25,1204.8
2015-02-26,1209.05
2015-02-27,1213.15
2015-03-02,1207.1
2015-03-03,1203.8
2015-03-04,1199.85
2015-03-05,1198.6
2015-03-06,1167.21
2015-03-09,1167.3
2015-03-10,1161.93
2015-03-11,1154.8
2015-03-12,1153.7
2015-03-13,1159.48
2015-03-16,1154.59
2015-03-17,1149.3
2015-03-18,1167.25
2015-03-19,1171.3
2015-03-20,1182.68
2015-03-23,1189.3
2015-03-24,1193.13
2015-03-25,1195.45
2015-03-26,1204.38
2015-03-27,1199.3
2015-03-30,1186.2
2015-03-31,1183.5
2015-04-01,1204.1
2015-04-02,1202.59
2015-04-03,1210.9
2015-04-06,1214.7
2015-04-07,1208.6
2015-04-08,1202.8
2015-04-09,1195.01
2015-04-10,1208.05
2015-04-13,1198.85
2015-04-14,1193.58
2015-04-15,1202.05
2015-04-16,1197.65
2015-04-17,1204.65
2015-04-20,1196.5
2015-04-21,1202.68
2015-04-22,1187.3
2015-04-23,1194.0
2015-04-24,1179.38
2015-04-27,1202.0
2015-04-28,1212.1
2015-04-29,1204.8
2015-04-30,1184.37
2015-05-01,1178.5
2015-05-04,1188.25
2015-05-05,1193.33
2015-05-06,1191.8
2015-05-07,1184.8
2015-05-08,1188.15
2015-05-11,1184.2
2015-05-12,1193.5
2015-05-13,1215.73
2015-05-14,1221.52
2015-05-15,1223.85
2015-05-18,1225.74
2015-05-19,1207.51
2015-05-20,1209.28
2015-05-21,1206.45
2015-05-22,1206.38
2015-05-25,1207.17
2015-05-26,1187.3
2015-05-27,1188.15
2015-05-28,1188.45
2015-05-29,1190.5
2015-06-01,1189.15
2015-06-02,1193.38
2015-06-03,1185.5
2015-06-04,1176.26
2015-06-05,1172.0
2015-06-08,1173.95
2015-06-09,1176.7
2015-06-10,1186.48
2015-06-11,1182.3
2015-06-12,1180.8
2015-06-15,1186.4
2015-06-16,1181.86
2015-06-17,1185.45
2015-06-18,1201.42
2015-06-19,1200.51
2015-06-22,1185.45
2015-06-23,1178.44
2015-06-24,1175.2
2015-06-25,1173.33
2015-06-26,1175.07
2015-06-29,1180.36
2015-06-30,1172.6
2015-07-01,1168.8
2015-07-02,1166.15
2015-07-03,1167.94
2015-07-06,1170.15
2015-07-07,1155.55
2015-07-08,1158.28
2015-07-09,1159.65
2015-07-10,1163.96
2015-07-13,1158.0
2015-07-14,1155.53
2015-07-15,1149.65
2015-07-16,1145.15
2015-07-17,1134.1
2015-07-20,1096.95
2015-07-21,1101.41
2015-07-22,1093.45
2015-07-23,1090.8
2015-07-24,1099.1
2015-07-27,1094.42
2015-07-28,1095.35
2015-07-29,1096.69
2015-07-30,1088.99
2015-07-31,1095.65
2015-08-03,1086.5
2015-08-04,1087.45
2015-08-05,1085.05
2015-08-06,1089.41
2015-08-07,1094.2
2015-08-10,1104.51
2015-08-11,1109.01
2015-08-12,1125.3
2015-08-13,1115.05
2015-08-14,1114.11
2015-08-17,1117.66
2015-08-18,1118.01
2015-08-19,1134.46
2015-08-20,1153.16
2015-08-21,1161.05
2015-08-24,1155.05
2015-08-25,1140.65
2015-08-26,1125.55
2015-08-27,1125.71
2015-08-28,1133.96
2015-08-31,1134.5
2015-09-01,1140.11
2015-09-02,1134.05
2015-09-03,1125.25
2015-09-04,1123.0
2015-09-07,1119.47
2015-09-08,1121.8
2015-09-09,1106.1
2015-09-10,1111.55
2015-09-11,1107.9
2015-09-14,1108.8
2015-09-15,1105.4
2015-09-16,1119.55
2015-09-17,1131.4
2015-09-18,1139.4
2015-09-21,1133.3
2015-09-22,1124.8
2015-09-23,1130.4
2015-09-24,1154.01
2015-09-25,1146.24
2015-09-28,1132.05
2015-09-29,1127.46
2015-09-30,1115.0
2015-10-01,1113.55
2015-10-02,1138.14
2015-10-05,1135.75
2015-10-06,1147.11
2015-10-07,1145.4
2015-10-08,1138.96
2015-10-09,1157.53
2015-10-12,1164.0
2015-10-13,1168.8
2015-10-14,1185.19
2015-10-15,1183.11
2015-10-16,1177.2
2015-10-19,1170.45
2015-10-20,1176.11
2015-10-21,1167.1
2015-10-22,1166.05
2015-10-23,1164.26
2015-10-26,1163.2
2015-10-27,1166.95
2015-10-28,1156.1
2015-10-29,1145.91
2015-10-30,1142.38
2015-11-02,1133.75
2015-11-03,1117.6
2015-11-04,1107.44
2015-11-05,1103.95
2015-11-06,1088.64
2015-11-09,1092.1
2015-11-10,1089.91
2015-11-11,1086.14
2015-11-12,1085.05
2015-11-13,1083.64
2015-11-16,1082.85
2015-11-17,1070.37
2015-11-18,1071.14
2015-11-19,1082.4
2015-11-20,1078.1
2015-11-23,1069.34
2015-11-24,1075.49
2015-11-25,1071.39
2015-11-26,1072.25
2015-11-27,1058.81
2015-11-30,1064.42
2015-12-01,1069.49
2015-12-02,1053.69
2015-12-03,1062.57
2015-12-04,1086.99
2015-12-07,1070.39
2015-12-08,1074.69
2015-12-09,1073.21
2015-12-10,1071.54
2015-12-11,1074.89
2015-12-14,1062.9
2015-12-15,1060.74
2015-12-16,1072.94
2015-12-17,1051.74
2015-12-18,1066.19
2015-12-21,1078.44
2015-12-22,1072.36
2015-12-23,1070.35
2015-12-24,1075.88
2015-12-25,1075.88
2015-12-28,1069.05
2015-12-29,1068.99
2015-12-30,1061.45
2015-12-31,1061.3
2016-01-01,1060.74
2016-01-04,1074.7
2016-01-05,1077.66
2016-01-06,1094.45
2016-01-07,1109.25
2016-01-08,1104.24
2016-01-11,1094.26
2016-01-12,1087.05
2016-01-13,1093.49
2016-01-14,1078.0
2016-01-15,1089.1
2016-01-18,1088.9
2016-01-19,1087.12
2016-01-20,1101.02
2016-01-21,1101.6
2016-01-22,1098.3
2016-01-25,1108.05
2016-01-26,1120.57
2016-01-27,1125.59
2016-01-28,1115.14
2016-01-29,1118.04
2016-02-01,1128.85
2016-02-02,1129.12
2016-02-03,1142.93
2016-02-04,1155.74
2016-02-05,1173.69
2016-02-08,1191.14
2016-02-09,1188.85
2016-02-10,1197.49
2016-02-11,1246.89
2016-02-12,1238.05
2016-02-15,1209.95
2016-02-16,1200.35
2016-02-17,1209.14
2016-02-18,1232.35
2016-02-19,1228.19
2016-02-22,1208.74
2016-02-23,1227.46
2016-02-24,1229.35
2016-02-25,1234.64
2016-02-26,1222.6
2016-02-29,1238.14
2016-03-01,1232.26
2016-03-02,1240.3
2016-03-03,1263.69
2016-03-04,1259.44
2016-03-07,1267.39
2016-03-08,1261.1
2016-03-09,1252.94
2016-03-10,1271.44
2016-03-11,1248.44
2016-03-14,1235.28
2016-03-15,1232.38
2016-03-16,1263.08
2016-03-17,1257.9
2016-03-18,1255.3
2016-03-21,1243.74
2016-03-22,1248.38
2016-03-23,1220.17
2016-03-24,1216.99
2016-03-25,1216.47
2016-03-28,1221.05
2016-03-29,1242.55
2016-03-30,1224.85
2016-03-31,1232.7
2016-04-01,1222.49
2016-04-04,1215.4
2016-04-05,1231.14
2016-04-06,1222.35
2016-04-07,1240.69
2016-04-08,1240.39
2016-04-11,1257.95
2016-04-12,1255.94
2016-04-13,1243.14
2016-04-14,1227.39
2016-04-15,1234.05
2016-04-18,1231.55
2016-04-19,1250.5
2016-04-20,1244.05
2016-04-21,1248.85
2016-04-22,1232.3
2016-04-25,1237.9
2016-04-26,1243.44
2016-04-27,1246.1
2016-04-28,1266.48
2016-04-29,1293.74
2016-05-02,1291.6
2016-05-03,1286.0
2016-05-04,1279.49
2016-05-05,1278.05
2016-05-06,1288.7
2016-05-09,1263.85
2016-05-10,1266.4
2016-05-11,1277.69
2016-05-12,1263.49
2016-05-13,1273.6
2016-05-16,1273.86
2016-05-17,1280.0
2016-05-18,1258.3
2016-05-19,1255.1
2016-05-20,1252.3
2016-05-23,1249.24
2016-05-24,1227.0
2016-05-25,1224.18
2016-05-26,1220.15
2016-05-27,1212.4
2016-05-30,1205.58
2016-05-31,1215.24
2016-06-01,1213.35
2016-06-02,1210.95
2016-06-03,1244.49
2016-06-06,1245.24
2016-06-07,1243.85
2016-06-08,1262.14
2016-06-09,1269.15
2016-06-10,1274.2
2016-06-13,1284.05
2016-06-14,1285.85
2016-06-15,1291.49
2016-06-16,1279.14
2016-06-17,1298.6
2016-06-20,1290.15
2016-06-21,1268.44
2016-06-22,1266.31
2016-06-23,1255.65
2016-06-24,1315.98
2016-06-27,1324.8
2016-06-28,1312.51
2016-06-29,1318.89
2016-06-30,1322.18
2016-07-01,1342.3
2016-07-04,1350.78
2016-07-05,1356.14
2016-07-06,1363.89
2016-07-07,1360.6
2016-07-08,1366.8
2016-07-11,1355.25
2016-07-12,1331.65
2016-07-13,1342.85
2016-07-14,1335.1
2016-07-15,1337.85
2016-07-18,1328.79
2016-07-19,1332.13
2016-07-20,1315.95
2016-07-21,1331.09
2016-07-22,1322.38
2016-07-25,1315.56
2016-07-26,1320.32
2016-07-27,1339.86
2016-07-28,1335.79
2016-07-29,1350.91
2016-08-01,1353.21
2016-08-02,1363.68
2016-08-03,1357.9
2016-08-04,1361.2
2016-08-05,1335.8
2016-08-08,1335.38
2016-08-09,1340.75
2016-08-10,1346.67
2016-08-11,1338.87
2016-08-12,1336.19
2016-08-15,1339.36
2016-08-16,1346.08
2016-08-17,1348.66
2016-08-18,1352.34
2016-08-19,1341.78
2016-08-22,1339.02
2016-08-23,1338.1
2016-08-24,1323.75
2016-08-25,1321.7
2016-08-26,1321.33
2016-08-29,1323.41
2016-08-30,1311.15
2016-08-31,1308.95
2016-09-01,1313.79
2016-09-02,1325.01
2016-09-05,1327.08
2016-09-06,1349.88
2016-09-07,1345.24
2016-09-08,1338.35
2016-09-09,1328.15
2016-09-12,1327.63
2016-09-13,1319.05
2016-09-14,1322.97
2016-09-15,1314.25
2016-09-16,1310.43
2016-09-19,1313.39
2016-09-20,1315.1
2016-09-21,1336.85
2016-09-22,1337.3
2016-09-23,1337.61
2016-09-26,1337.97
2016-09-27,1327.36
2016-09-28,1321.41
2016-09-29,1320.27
2016-09-30,1315.96
2016-10-03,1311.96
2016-10-04,1268.3
2016-10-05,1266.7
2016-10-06,1254.74
2016-10-07,1256.97
2016-10-10,1259.74
2016-10-11,1253.25
2016-10-12,1255.33
2016-10-13,1258.12
2016-10-14,1250.55
2016-10-17,1255.7
2016-10-18,1262.84
2016-10-19,1269.4
2016-10-20,1266.0
2016-10-21,1266.75
2016-10-24,1264.44
2016-10-25,1274.35
2016-10-26,1266.99
2016-10-27,1268.3
2016-10-28,1276.3
2016-10-31,1277.38
2016-11-01,1288.15
2016-11-02,1297.39
2016-11-03,1303.75
2016-11-04,1304.25
2016-11-07,1281.41
2016-11-08,1275.64
2016-11-09,1278.0
2016-11-10,1259.76
2016-11-11,1225.68
2016-11-14,1220.26
2016-11-15,1228.08
2016-11-16,1225.3
2016-11-17,1216.39
2016-11-18,1208.69
2016-11-21,1214.05
2016-11-22,1212.24
2016-11-23,1187.77
2016-11-24,1184.0
2016-11-25,1183.63
2016-11-28,1193.44
2016-11-29,1188.46
2016-11-30,1173.11
2016-12-01,1171.3
2016-12-02,1176.92
2016-12-05,1170.26
2016-12-06,1169.74
2016-12-07,1174.0
2016-12-08,1170.55
2016-12-09,1157.87
2016-12-12,1162.21
2016-12-13,1158.35
2016-12-14,1144.25
2016-12-15,1128.43
2016-12-16,1134.09
2016-12-19,1139.05
2016-12-20,1132.2
2016-12-21,1131.8
2016-12-22,1128.69
2016-12-23,1133.49
2016-12-26,1133.94
2016-12-27,1139.35
2016-12-28,1142.45
2016-12-29,1158.32
2016-12-30,1151.85
2017-01-02,1150.52
2017-01-03,1158.91
2017-01-04,1163.8
2017-01-05,1180.48
2017-01-06,1172.81
2017-01-09,1181.27
2017-01-10,1187.74
2017-01-11,1191.85
2017-01-12,1195.66
2017-01-13,1197.66
2017-01-16,1203.17
2017-01-17,1216.54
2017-01-18,1203.64
2017-01-19,1205.14
2017-01-20,1209.96
2017-01-23,1217.48
2017-01-24,1208.81
2017-01-25,1200.31
2017-01-26,1188.57
2017-01-27,1191.6
2017-01-30,1195.35
2017-01-31,1210.63
2017-02-01,1209.49
2017-02-02,1215.93
2017-02-03,1219.88
2017-02-06,1235.59
2017-02-07,1233.72
2017-02-08,1241.99
2017-02-09,1230.89
2017-02-10,1234.12
2017-02-13,1225.44
2017-02-14,1228.61
2017-02-15,1232.94
2017-02-16,1239.14
2017-02-17,1235.29
2017-02-20,1238.38
2017-02-21,1235.97
2017-02-22,1237.69
2017-02-23,1249.41
2017-02-24,1256.94
2017-02-27,1252.76
2017-02-28,1248.59
2017-03-01,1248.94
2017-03-02,1235.3
2017-03-03,1234.3
2017-03-06,1225.96
2017-03-07,1215.67
2017-03-08,1207.58
2017-03-09,1200.83
2017-03-10,1204.55
2017-03-13,1204.05
2017-03-14,1199.08
2017-03-15,1219.4
2017-03-16,1226.78
2017-03-17,1229.15
2017-03-20,1233.9
2017-03-21,1245.0
2017-03-22,1249.35
2017-03-23,1245.3
2017-03-24,1244.17
2017-03-27,1254.3
2017-03-28,1251.63
2017-03-29,1252.45
2017-03-30,1243.3
2017-03-31,1249.13
2017-04-03,1253.35
2017-04-04,1256.22
2017-04-05,1255.3
2017-04-06,1251.8
2017-04-07,1254.05
2017-04-10,1254.73
2017-04-11,1274.44
2017-04-12,1286.6
2017-04-13,1287.74
2017-04-14,1285.69
2017-04-17,1284.8
2017-04-18,1289.64
2017-04-19,1279.66
2017-04-20,1281.85
2017-04-21,1284.5
2017-04-24,1275.3
2017-04-25,1263.76
2017-04-26,1269.05
2017-04-27,1264.6
2017-04-28,1268.15
2017-05-01,1256.8
2017-05-02,1256.9
2017-05-03,1238.38
2017-05-04,1227.75
2017-05-05,1227.74
2017-05-08,1226.3
2017-05-09,1221.3
2017-05-10,1219.15
2017-05-11,1224.85
2017-05-12,1228.83
2017-05-15,1230.71
2017-05-16,1236.8
2017-05-17,1260.74
2017-05-18,1247.05
2017-05-19,1255.55
2017-05-22,1260.46
2017-05-23,1251.16
2017-05-24,1258.55
2017-05-25,1255.76
2017-05-26,1267.05
2017-05-29,1266.97
2017-05-30,1263.1
2017-05-31,1268.59
2017-06-01,1265.64
2017-06-02,1279.98
2017-06-05,1279.95
2017-06-06,1294.0
2017-06-07,1286.91
2017-06-08,1278.9
2017-06-09,1266.4
2017-06-12,1265.74
2017-06-13,1265.85
2017-06-14,1261.18
2017-06-15,1254.0
2017-06-16,1253.63
2017-06-19,1243.25
2017-06-20,1243.19
2017-06-21,1246.55
2017-06-22,1250.62
2017-06-23,1256.9
2017-06-26,1244.45
2017-06-27,1247.1
2017-06-28,1249.32
2017-06-29,1245.74
2017-06-30,1241.6
2017-07-03,1220.46
2017-07-04,1223.97
2017-07-05,1226.95
2017-07-06,1225.15
2017-07-07,1212.9
2017-07-10,1214.35
2017-07-11,1217.69
2017-07-12,1220.0
2017-07-13,1217.45
2017-07-14,1228.98
2017-07-17,1234.4
2017-07-18,1242.46
2017-07-19,1240.87
2017-07-20,1244.74
2017-07-21,1254.9
2017-07-24,1255.24
2017-07-25,1249.05
2017-07-26,1261.1
2017-07-27,1259.0
2017-07-28,1269.25
2017-07-31,1269.55
2017-08-01,1269.05
2017-08-02,1266.7
2017-08-03,1268.65
2017-08-04,1258.6
2017-08-07,1257.69
2017-08-08,1260.64
2017-08-09,1277.55
2017-08-10,1286.9
2017-08-11,1289.21
2017-08-14,1281.95
2017-08-15,1272.13
2017-08-16,1283.1
2017-08-17,1288.01
2017-08-18,1284.5
2017-08-21,1291.22
2017-08-22,1284.72
2017-08-23,1290.62
2017-08-24,1286.33
2017-08-25,1291.15
2017-08-28,1310.49
2017-08-29,1309.5
2017-08-30,1308.76
2017-08-31,1322.07
2017-09-01,1324.97
2017-09-04,1334.67
2017-09-05,1339.33
2017-09-06,1334.14
2017-09-07,1349.2
2017-09-08,1346.71
2017-09-11,1327.32
2017-09-12,1331.94
2017-09-13,1323.25
2017-09-14,1329.83
2017-09-15,1319.62
2017-09-18,1307.57
2017-09-19,1311.28
2017-09-20,1301.15
2017-09-21,1291.39
2017-09-22,1297.38
2017-09-25,1310.55
2017-09-26,1293.89
2017-09-27,1281.12
2017-09-28,1287.3
2017-09-29,1279.45
2017-10-02,1271.12
2017-10-03,1271.75
2017-10-04,1274.69
2017-10-05,1268.05
2017-10-06,1276.03
2017-10-09,1284.1
2017-10-10,1287.85
2017-10-11,1291.8
2017-10-12,1293.6
2017-10-13,1304.88
2017-10-16,1294.74
2017-10-17,1285.19
2017-10-18,1281.17
2017-10-19,1289.79
2017-10-20,1280.72
2017-10-23,1282.07
2017-10-24,1276.72
2017-10-25,1277.41
2017-10-26,1267.11
2017-10-27,1273.35
2017-10-30,1276.24
2017-10-31,1271.58
2017-11-01,1274.39
2017-11-02,1275.99
2017-11-03,1269.85
2017-11-06,1281.55
2017-11-07,1275.53
2017-11-08,1281.3
2017-11-09,1285.3
2017-11-10,1276.14
2017-11-13,1277.99
2017-11-14,1280.71
2017-11-15,1278.8
2017-11-16,1278.47
2017-11-17,1294.37
2017-11-20,1276.7
2017-11-21,1280.48
2017-11-22,1292.12
2017-11-23,1291.25
2017-11-24,1288.22
2017-11-27,1294.5
2017-11-28,1294.01
2017-11-29,1283.57
2017-11-30,1274.76
2017-12-01,1280.26
2017-12-04,1276.23
2017-12-05,1266.55
2017-12-06,1263.94
2017-12-07,1246.7
2017-12-08,1248.14
2017-12-11,1241.96
2017-12-12,1243.85
2017-12-13,1255.45
2017-12-14,1252.85
2017-12-15,1255.26
2017-12-18,1261.69
2017-12-19,1261.72
2017-12-20,1265.62
2017-12-21,1266.76
2017-12-22,1275.01
2017-12-25,1275.24
2017-12-26,1283.29
2017-12-27,1287.41
2017-12-28,1294.84
2017-12-29,1302.55
2018-01-01,1306.86
2018-01-02,1318.14
2018-01-03,1312.84
2018-01-04,1322.97
2018-01-05,1320.21
2018-01-08,1320.58
2018-01-09,1312.66
2018-01-10,1317.19
2018-01-11,1322.42
2018-01-12,1338.4
2018-01-15,1340.16
2018-01-16,1338.61
2018-01-17,1327.73
2018-01-18,1327.19
2018-01-19,1331.8
2018-01-22,1334.11
2018-01-23,1341.39
2018-01-24,1358.15
2018-01-25,1348.05
2018-01-26,1350.14
2018-01-29,1340.35
2018-01-30,1338.55
2018-01-31,1345.1
2018-02-01,1349.19
2018-02-02,1332.98
2018-02-05,1339.6
2018-02-06,1325.02
2018-02-07,1318.49
2018-02-08,1318.97
2018-02-09,1316.69
2018-02-12,1322.88
2018-02-13,1329.55
2018-02-14,1350.76
2018-02-15,1353.3
2018-02-16,1347.86
2018-02-19,1346.69
2018-02-20,1329.49
2018-02-21,1324.26
2018-02-22,1331.51
2018-02-23,1328.94
2018-02-26,1333.16
2018-02-27,1318.2
2018-02-28,1318.05
2018-03-01,1316.55
2018-03-02,1322.2
2018-03-05,1320.01
2018-03-06,1334.46
2018-03-07,1325.54
2018-03-08,1322.35
2018-03-09,1323.7
2018-03-12,1323.05
2018-03-13,1326.39
2018-03-14,1325.0
2018-03-15,1316.26
2018-03-16,1314.0
2018-03-19,1316.94
2018-03-20,1311.21
2018-03-21,1332.17
2018-03-22,1328.95
2018-03-23,1347.22
2018-03-26,1353.46
2018-03-27,1344.71
2018-03-28,1324.99
2018-03-29,1325.0
2018-04-02,1341.35
2018-04-03,1332.83
2018-04-04,1333.35
2018-04-05,1326.55
2018-04-06,1333.2
2018-04-09,1336.24
2018-04-10,1340.05
2018-04-11,1353.29
2018-04-12,1335.48
2018-04-13,1345.46
2018-04-16,1345.91
2018-04-17,1347.29
2018-04-18,1349.32
2018-04-19,1345.6
2018-04-20,1335.12
2018-04-23,1325.0
2018-04-24,1330.68
2018-04-25,1323.33
2018-04-26,1317.28
2018-04-27,1322.8
2018-04-30,1315.36
2018-05-01,1303.97
2018-05-02,1304.85
2018-05-03,1312.09
2018-05-04,1315.05
2018-05-07,1314.3
2018-05-08,1314.47
2018-05-09,1312.78
2018-05-10,1321.39
2018-05-11,1318.22
2018-05-14,1312.82
2018-05-15,1290.64
2018-05-16,1291.03
2018-05-17,1291.0
2018-05-18,1292.5
2018-05-21,1292.68
2018-05-22,1291.32
2018-05-23,1293.75
2018-05-24,1304.88
2018-05-25,1301.61
2018-05-28,1298.11
2018-05-29,1298.86
2018-05-30,1301.48
2018-05-31,1298.32
2018-06-01,1293.14
2018-06-04,1291.98
2018-06-05,1296.13
2018-06-06,1297.0
2018-06-07,1297.12
2018-06-08,1298.75
2018-06-11,1300.14
2018-06-12,1295.97
2018-06-13,1299.71
2018-06-14,1302.22
2018-06-15,1279.84
2018-06-18,1278.31
2018-06-19,1274.76
2018-06-20,1268.1
2018-06-21,1267.2
2018-06-22,1269.28
2018-06-25,1266.0
2018-06-26,1258.99
2018-06-27,1252.02
2018-06-28,1248.28
2018-06-29,1253.0
2018-07-02,1241.97
2018-07-03,1252.93
2018-07-04,1256.95
2018-07-05,1257.76
2018-07-06,1254.99
2018-07-09,1257.76
2018-07-10,1255.65
2018-07-11,1242.16
2018-07-12,1247.14
2018-07-13,1241.52
2018-07-16,1240.82
2018-07-17,1227.51
2018-07-18,1227.18
2018-07-19,1222.8
2018-07-20,1231.76
2018-07-23,1224.54
2018-07-24,1224.55
2018-07-25,1231.61
2018-07-26,1222.67
2018-07-27,1223.38
2018-07-30,1221.8
2018-07-31,1223.83
2018-08-01,1216.05
2018-08-02,1207.96
2018-08-03,1213.43
2018-08-06,1206.94
2018-08-07,1211.02
2018-08-08,1213.61
2018-08-09,1212.35
2018-08-10,1211.3
2018-08-13,1193.64
2018-08-14,1194.03
2018-08-15,1174.88
2018-08-16,1174.16
2018-08-17,1184.77
2018-08-20,1190.53
2018-08-21,1196.12
2018-08-22,1195.51
2018-08-23,1185.31
2018-08-24,1205.97
2018-08-27,1211.35
2018-08-28,1201.26
2018-08-29,1206.66
2018-08-30,1199.88
2018-08-31,1201.09
2018-09-03,1201.15
2018-09-04,1191.35
2018-09-05,1196.75
2018-09-06,1200.14
2018-09-07,1195.86
2018-09-10,1195.88
2018-09-11,1198.29
2018-09-12,1206.19
2018-09-13,1201.44
2018-09-14,1193.71
2018-09-17,1200.93
2018-09-18,1198.35
2018-09-19,1203.99
2018-09-20,1207.58
2018-09-21,1199.55
2018-09-24,1198.86
2018-09-25,1201.31
2018-09-26,1194.46
2018-09-27,1182.8
2018-09-28,1192.09
2018-10-01,1188.47
2018-10-02,1203.1
2018-10-03,1197.37
2018-10-04,1199.66
2018-10-05,1202.86
2018-10-08,1188.01
2018-10-09,1189.62
2018-10-10,1194.78
2018-10-11,1224.33
2018-10-12,1217.93
2018-10-15,1226.93
2018-10-16,1224.43
2018-10-17,1222.68
2018-10-18,1225.75
2018-10-19,1226.32
2018-10-22,1222.17
2018-10-23,1230.49
2018-10-24,1234.22
2018-10-25,1232.23
2018-10-26,1233.59
2018-10-29,1229.74
2018-10-30,1223.44
2018-10-31,1214.54
2018-11-01,1233.24
2018-11-02,1232.89
2018-11-05,1231.3
2018-11-06,1226.8
2018-11-07,1226.11
2018-11-08,1223.54
2018-11-09,1209.6
2018-11-12,1200.65
2018-11-13,1202.35
2018-11-14,1210.91
2018-11-15,1213.0
2018-11-16,1221.47
2018-11-19,1224.05
2018-11-20,1221.55
2018-11-21,1226.02
2018-11-22,1227.45
2018-11-23,1223.19
2018-11-26,1222.37
2018-11-27,1214.69
2018-11-28,1221.11
2018-11-29,1223.99
2018-11-30,1221.97
2018-12-03,1231.08
2018-12-04,1238.55
2018-12-05,1237.56
2018-12-06,1237.99
2018-12-07,1248.1
2018-12-10,1244.59
2018-12-11,1242.94
2018-12-12,1245.8
2018-12-13,1242.46
2018-12-14,1238.21
2018-12-17,1245.91
2018-12-18,1249.38
2018-12-19,1243.39
2018-12-20,1260.14
2018-12-21,1256.01
2018-12-24,1269.13
2018-12-26,1266.98
2018-12-27,1275.22
2018-12-28,1280.75
2018-12-31,1282.82
2019-01-01,1282.62
2019-01-02,1284.77
2019-01-03,1293.99
2019-01-04,1284.92
2019-01-07,1288.67
2019-01-08,1285.35
2019-01-09,1293.13
2019-01-10,1286.38
2019-01-11,1288.0
2019-01-14,1291.73
2019-01-15,1289.31
2019-01-16,1293.52
2019-01-17,1291.9
2019-01-18,1281.49
2019-01-21,1280.28
2019-01-22,1285.04
2019-01-23,1282.39
2019-01-24,1280.94
2019-01-25,1303.22
2019-01-28,1303.53
2019-01-29,1311.93
2019-01-30,1319.91
2019-01-31,1320.94
2019-02-01,1318.0
2019-02-04,1311.75
2019-02-05,1315.01
2019-02-06,1306.22
2019-02-07,1310.09
2019-02-08,1314.07
2019-02-11,1308.33
2019-02-12,1310.89
2019-02-13,1306.19
2019-02-14,1312.55
2019-02-15,1321.41
2019-02-18,1326.9
2019-02-19,1341.16
2019-02-20,1338.49
2019-02-21,1323.49
2019-02-22,1327.8
2019-02-25,1327.12
2019-02-26,1328.96
2019-02-27,1319.88
2019-02-28,1313.05
2019-03-01,1293.56
2019-03-04,1286.66
2019-03-05,1287.43
2019-03-06,1286.76
2019-03-07,1285.74
2019-03-08,1298.39
2019-03-11,1294.25
2019-03-12,1302.01
2019-03-13,1309.28
2019-03-14,1296.28
2019-03-15,1301.38
2019-03-18,1303.7
2019-03-19,1306.55
2019-03-20,1312.48
2019-03-21,1309.45
2019-03-22,1313.38
2019-03-25,1321.9
2019-03-26,1315.51
2019-03-27,1309.87
2019-03-28,1290.55
2019-03-29,1292.15
2019-04-01,1287.66
2019-04-02,1293.15
2019-04-03,1289.9
2019-04-04,1292.38
2019-04-05,1291.7
2019-04-08,1297.41
2019-04-09,1304.13
2019-04-10,1308.05
2019-04-11,1292.6
2019-04-12,1290.4
2019-04-15,1287.88
2019-04-16,1276.57
2019-04-17,1274.14
2019-04-18,1275.39
2019-04-22,1274.92
2019-04-23,1272.4
2019-04-24,1275.36
2019-04-25,1277.35
2019-04-26,1286.25
2019-04-29,1279.8
2019-04-30,1283.6
2019-05-01,1276.61
2019-05-02,1270.54
2019-05-03,1279.19
2019-05-06,1280.33
2019-05-07,1285.15
2019-05-08,1280.93
2019-05-09,1284.14
2019-05-10,1286.0
2019-05-13,1299.9
2019-05-14,1297.03
2019-05-15,1296.66
2019-05-16,1286.65
2019-05-17,1277.55
2019-05-20,1277.74
2019-05-21,1274.97
2019-05-22,1273.62
2019-05-23,1283.45
2019-05-24,1284.89
2019-05-27,1285.2
2019-05-28,1279.49
2019-05-29,1279.6
2019-05-30,1288.85
2019-05-31,1305.65
2019-06-03,1325.17
2019-06-04,1325.28
2019-06-05,1330.18
2019-06-06,1335.55
2019-06-07,1340.7
2019-06-10,1328.13
2019-06-11,1326.91
2019-06-12,1333.55
2019-06-13,1342.35
2019-06-14,1341.58
2019-06-17,1339.54
2019-06-18,1346.48
2019-06-19,1360.27
2019-06-20,1388.18
2019-06-21,1399.05
2019-06-24,1419.55
2019-06-25,1423.25
2019-06-26,1408.75
2019-06-27,1409.68
2019-06-28,1409.5
2019-07-01,1384.31
2019-07-02,1418.44
2019-07-03,1418.94
2019-07-04,1415.64
2019-07-05,1399.95
2019-07-08,1395.5
2019-07-09,1397.9
2019-07-10,1419.0
2019-07-11,1404.0
2019-07-12,1415.74
2019-07-15,1414.08
2019-07-16,1406.33
2019-07-17,1426.8
2019-07-18,1446.3
2019-07-19,1425.3
2019-07-22,1425.12
2019-07-23,1417.39
2019-07-24,1425.9
2019-07-25,1414.53
2019-07-26,1418.69
2019-07-29,1426.94
2019-07-30,1430.85
2019-07-31,1413.8
2019-08-01,1445.31
2019-08-02,1440.7
2019-08-05,1463.8
2019-08-06,1474.27
2019-08-07,1501.2
2019-08-08,1500.95
2019-08-09,1497.24
2019-08-12,1511.4
2019-08-13,1501.39
2019-08-14,1516.34
2019-08-15,1523.2
2019-08-16,1514.15
2019-08-19,1495.3
2019-08-20,1507.1
2019-08-21,1502.3
2019-08-22,1498.8
2019-08-23,1526.85
2019-08-26,1526.35
2019-08-27,1542.64
2019-08-28,1539.1
2019-08-29,1527.7
2019-08-30,1520.25
2019-09-02,1530.59
2019-09-03,1547.0
2019-09-04,1552.6
2019-09-05,1519.35
2019-09-06,1506.95
2019-09-09,1498.95
2019-09-10,1486.4
2019-09-11,1497.6
2019-09-12,1498.95
2019-09-13,1488.7
2019-09-16,1498.8
2019-09-17,1503.1
2019-09-18,1493.9
2019-09-19,1499.2
2019-09-20,1517.15
2019-09-23,1522.12
2019-09-24,1532.3
2019-09-25,1504.15
2019-09-26,1505.8
2019-09-27,1496.94
2019-09-30,1472.25
2019-10-01,1478.98
2019-10-02,1499.51
2019-10-03,1505.0
2019-10-04,1504.6
2019-10-07,1493.6
2019-10-08,1505.51
2019-10-09,1505.7
2019-10-10,1494.3
2019-10-11,1489.85
2019-10-14,1492.9
2019-10-15,1481.17
2019-10-16,1489.77
2019-10-17,1491.89
2019-10-18,1490.1
2019-10-21,1484.5
2019-10-22,1488.05
2019-10-23,1492.1
2019-10-24,1503.65
2019-10-25,1504.73
2019-10-28,1492.69
2019-10-29,1487.6
2019-10-30,1495.4
2019-10-31,1513.36
2019-11-01,1513.95
2019-11-04,1509.63
2019-11-05,1484.1
2019-11-06,1490.46
2019-11-07,1468.07
2019-11-08,1458.66
2019-11-11,1455.9
2019-11-12,1457.19
2019-11-13,1463.19
2019-11-14,1471.2
2019-11-15,1467.37
2019-11-18,1470.85
2019-11-19,1472.38
2019-11-20,1471.25
2019-11-21,1464.4
2019-11-22,1462.29
2019-11-25,1454.97
2019-11-26,1461.6
2019-11-27,1454.35
2019-11-28,1458.34
2019-11-29,1464.8
2019-12-02,1462.44
2019-12-03,1477.34
2019-12-04,1474.35
2019-12-05,1475.7
2019-12-06,1459.76
2019-12-09,1461.99
2019-12-10,1464.21
2019-12-11,1474.85
2019-12-12,1469.43
2019-12-13,1475.81
2019-12-16,1476.25
2019-12-17,1476.45
2019-12-18,1475.44
2019-12-19,1479.15
2019-12-20,1478.2
2019-12-23,1485.52
2019-12-24,1499.56
2019-12-25,1499.55
2019-12-26,1511.55
2019-12-27,1510.67
2019-12-30,1515.22
2019-12-31,1517.39
2020-01-01,1517.3
2020-01-02,1528.94
2020-01-03,1551.65
2020-01-06,1565.96
2020-01-07,1573.99
2020-01-08,1555.81
2020-01-09,1552.37
2020-01-10,1562.28
2020-01-13,1548.3
2020-01-14,1546.37
2020-01-15,1556.19
2020-01-16,1552.79
2020-01-17,1556.61
2020-01-20,1561.58
2020-01-21,1558.02
2020-01-22,1558.91
2020-01-23,1563.33
2020-01-24,1570.65
2020-01-27,1581.95
2020-01-28,1566.24
2020-01-29,1577.12
2020-01-30,1574.22
2020-01-31,1590.2
2020-02-03,1576.45
2020-02-04,1552.55
2020-02-05,1556.7
2020-02-06,1566.85
2020-02-07,1570.29
2020-02-10,1572.3
2020-02-11,1567.72
2020-02-12,1565.63
2020-02-13,1576.39
2020-02-14,1584.7
2020-02-17,1581.1
2020-02-18,1601.91
2020-02-19,1611.64
2020-02-20,1619.7
2020-02-21,1643.7
2020-02-24,1660.72
2020-02-25,1635.38
2020-02-26,1639.96
2020-02-27,1642.35
2020-02-28,1585.12
2020-03-02,1590.73
2020-03-03,1639.77
2020-03-04,1635.83
2020-03-05,1670.61
2020-03-06,1674.23
2020-03-09,1680.2
2020-03-10,1649.36
2020-03-11,1635.03
2020-03-12,1577.09
2020-03-13,1529.7
2020-03-16,1514.61
2020-03-17,1528.58
2020-03-18,1486.3
2020-03-19,1471.0
2020-03-20,1498.24
2020-03-23,1553.81
2020-03-24,1622.03
2020-03-25,1613.79
2020-03-26,1632.38
2020-03-27,1623.5
2020-03-30,1623.3
2020-03-31,1571.31
2020-04-01,1595.05
2020-04-02,1613.79
2020-04-03,1618.45
2020-04-06,1663.0
2020-04-07,1648.95
2020-04-08,1646.52
2020-04-09,1684.07
2020-04-10,1689.9
2020-04-13,1714.32
2020-04-14,1729.7
2020-04-15,1716.6
2020-04-16,1718.4
2020-04-17,1684.69
2020-04-20,1694.12
2020-04-21,1687.02
2020-04-22,1714.82
2020-04-23,1731.59
2020-04-24,1729.43
2020-04-27,1715.57
2020-04-28,1708.63
2020-04-29,1712.38
2020-04-30,1685.05
2020-05-01,1700.41
2020-05-04,1701.69
2020-05-05,1707.17
2020-05-06,1685.88
2020-05-07,1717.94
2020-05-08,1702.65
2020-05-11,1697.35
2020-05-12,1702.72
2020-05-13,1715.99
2020-05-14,1730.65
2020-05-15,1743.0
2020-05-18,1732.32
2020-05-19,1745.11
2020-05-20,1749.5
2020-05-21,1726.34
2020-05-22,1736.07
2020-05-25,1729.57
2020-05-26,1712.45
2020-05-27,1709.25
2020-05-28,1719.4
2020-05-29,1728.3
2020-06-01,1740.34
2020-06-02,1727.97
2020-06-03,1698.63
2020-06-04,1711.84
2020-06-05,1685.83
2020-06-08,1695.47
2020-06-09,1714.57
2020-06-10,1737.1
2020-06-11,1727.51
2020-06-12,1730.8
2020-06-15,1725.53
2020-06-16,1727.46
2020-06-17,1727.04
2020-06-18,1722.99
2020-06-19,1743.62
2020-06-22,1755.44
2020-06-23,1767.54
2020-06-24,1762.43
2020-06-25,1761.82
2020-06-26,1771.47
2020-06-29,1772.28
2020-06-30,1781.66
2020-07-01,1770.32
2020-07-02,1776.13
2020-07-03,1775.05
2020-07-06,1783.9
2020-07-07,1795.26
2020-07-08,1810.78
2020-07-09,1803.19
2020-07-10,1798.89
2020-07-13,1803.39
2020-07-14,1807.78
2020-07-15,1811.9
2020-07-16,1797.05
2020-07-17,1809.9
2020-07-20,1816.09
2020-07-21,1842.22
2020-07-22,1872.07
2020-07-23,1887.44
2020-07-24,1901.46
2020-07-27,1942.42
2020-07-28,1959.5
2020-07-29,1970.73
2020-07-30,1960.5
2020-07-31,1975.89
2020-08-03,1977.25
2020-08-04,2018.52
2020-08-05,2040.4
2020-08-06,2063.81
2020-08-07,2035.03
2020-08-10,2027.77
2020-08-11,1911.64
2020-08-12,1918.07
2020-08-13,1954.0
2020-08-14,1944.29
2020-08-17,1986.2
2020-08-18,2001.2
2020-08-19,1929.82
2020-08-20,1943.6
2020-08-21,1940.16
2020-08-24,1933.09
2020-08-25,1928.19
2020-08-26,1954.03
2020-08-27,1929.2
2020-08-28,1964.89
2020-08-31,1970.15
2020-09-01,1970.49
2020-09-02,1942.98
2020-09-03,1930.85
2020-09-04,1932.85
2020-09-07,1929.18
2020-09-08,1931.26
2020-09-09,1946.66
2020-09-10,1954.07
2020-09-11,1941.5
2020-09-14,1956.37
2020-09-15,1955.52
2020-09-16,1959.32
2020-09-17,1942.6
2020-09-18,1949.69
2020-09-21,1912.57
2020-09-22,1899.28
2020-09-23,1863.55
2020-09-24,1868.04
2020-09-25,1860.05
2020-09-28,1880.85
2020-09-29,1897.69
2020-09-30,1885.44
2020-10-01,1905.05
2020-10-02,1898.7
2020-10-05,1912.9
2020-10-06,1877.13
2020-10-07,1887.22
2020-10-08,1893.09
2020-10-09,1929.43
2020-10-12,1921.95
2020-10-13,1890.82
2020-10-14,1900.89
2020-10-15,1907.82
2020-10-16,1898.97
2020-10-19,1904.27
2020-10-20,1906.39
2020-10-21,1924.49
2020-10-22,1904.04
2020-10-23,1900.79
2020-10-26,1901.69
2020-10-27,1906.83
2020-10-28,1877.06
2020-10-29,1867.13
2020-10-30,1877.95
2020-11-02,1895.1
2020-11-03,1908.36
2020-11-04,1903.21
2020-11-05,1948.56
2020-11-06,1951.51
2020-11-09,1861.86
2020-11-10,1876.5
2020-11-11,1864.71
2020-11-12,1875.76
2020-11-13,1888.04
2020-11-16,1888.52
2020-11-17,1878.6
2020-11-18,1871.41
2020-11-19,1867.37
2020-11-20,1870.49
2020-11-23,1835.85
2020-11-24,1807.51
2020-11-25,1805.3
2020-11-26,1810.57
2020-11-27,1788.13
2020-11-30,1777.02
2020-12-01,1814.87
2020-12-02,1831.01
2020-12-03,1840.36
2020-12-04,1837.61
2020-12-07,1863.69
2020-12-08,1871.36
2020-12-09,1839.11
2020-12-10,1835.31
2020-12-11,1839.03
2020-12-14,1827.17
2020-12-15,1853.46
2020-12-16,1864.15
2020-12-17,1885.87
2020-12-18,1880.66
2020-12-21,1876.21
2020-12-22,1859.56
2020-12-23,1872.08
2020-12-24,1876.56
2020-12-25,1875.82
2020-12-28,1871.19
2020-12-29,1877.99
2020-12-30,1893.37
2020-12-31,1896.49
2021-01-01,1898.1
2021-01-04,1942.28
2021-01-05,1949.35
2021-01-06,1918.81
2021-01-07,1912.5
2021-01-08,1848.26
2021-01-11,1844.66
2021-01-12,1855.63
2021-01-13,1843.41
2021-01-14,1846.37
2021-01-15,1826.59
2021-01-18,1836.89
2021-01-19,1839.34
2021-01-20,1870.91
2021-01-21,1869.91
2021-01-22,1852.55
2021-01-25,1854.99
2021-01-26,1850.31
2021-01-27,1843.99
2021-01-28,1840.36
2021-01-29,1846.09
2021-02-01,1860.16
2021-02-02,1837.35
2021-02-03,1833.76
2021-02-04,1792.26
2021-02-05,1811.62
2021-02-08,1830.16
2021-02-09,1837.06
2021-02-10,1842.22
2021-02-11,1825.36
2021-02-12,1823.46
2021-02-15,1818.51
2021-02-16,1794.31
2021-02-17,1776.26
2021-02-18,1775.49
2021-02-19,1782.31
2021-02-22,1808.66
2021-02-23,1805.06
2021-02-24,1804.36
2021-02-25,1769.88
2021-02-26,1733.49
2021-03-01,1723.84
2021-03-02,1738.09
2021-03-03,1710.95
2021-03-04,1697.19
2021-03-05,1700.86
2021-03-08,1681.24
2021-03-09,1715.36
2021-03-10,1726.05
2021-03-11,1721.41
2021-03-12,1726.41
2021-03-15,1731.84
2021-03-16,1730.94
2021-03-17,1744.44
2021-03-18,1736.41
2021-03-19,1744.74
2021-03-22,1738.69
2021-03-23,1727.11
2021-03-24,1734.19
2021-03-25,1726.82
2021-03-26,1731.97
2021-03-29,1711.99
2021-03-30,1684.8
2021-03-31,1707.01
2021-04-01,1730.18
2021-04-02,1728.84
2021-04-05,1728.44
2021-04-06,1743.57
2021-04-07,1737.28
2021-04-08,1755.94
2021-04-09,1743.1
2021-04-12,1732.51
2021-04-13,1743.83
2021-04-14,1736.0
2021-04-15,1763.21
2021-04-16,1776.31
2021-04-19,1769.31
2021-04-20,1777.25
2021-04-21,1793.46
2021-04-22,1783.94
2021-04-23,1777.18
2021-04-26,1780.19
2021-04-27,1776.69
2021-04-28,1781.32
2021-04-29,1771.24
2021-04-30,1768.59
2021-05-03,1792.36
2021-05-04,1778.48
2021-05-05,1786.44
2021-05-06,1815.18
2021-05-07,1830.48
2021-05-10,1835.44
2021-05-11,1836.94
2021-05-12,1815.44
2021-05-13,1826.57
2021-05-14,1842.19
2021-05-17,1866.13
2021-05-18,1868.22
2021-05-19,1869.57
2021-05-20,1876.69
2021-05-21,1880.3
2021-05-24,1881.07
2021-05-25,1899.26
2021-05-26,1896.44
2021-05-27,1896.08
2021-05-28,1902.64
2021-05-31,1906.36
2021-06-01,1900.19
2021-06-02,1907.94
2021-06-03,1870.57
2021-06-04,1889.97
2021-06-07,1899.0
2021-06-08,1892.82
2021-06-09,1888.3
2021-06-10,1898.14
2021-06-11,1876.64
2021-06-14,1865.99
2021-06-15,1858.69
2021-06-16,1811.95
2021-06-17,1773.31
2021-06-18,1763.34
2021-06-21,1782.95
2021-06-22,1778.51
2021-06-23,1778.73
2021-06-24,1775.18
2021-06-25,1780.34
2021-06-28,1778.18
2021-06-29,1761.09
2021-06-30,1769.8
2021-07-01,1776.6
2021-07-02,1786.79
2021-07-05,1791.61
2021-07-06,1796.69
2021-07-07,1803.41
2021-07-08,1802.56
2021-07-09,1807.98
2021-07-12,1805.88
2021-07-13,1807.44
2021-07-14,1827.06
2021-07-15,1829.19
2021-07-16,1810.89
2021-07-19,1812.34
2021-07-20,1810.03
2021-07-21,1803.31
2021-07-22,1806.69
2021-07-23,1801.34
2021-07-26,1797.27
2021-07-27,1798.73
2021-07-28,1806.88
2021-07-29,1827.95
2021-07-30,1813.58
2021-08-02,1813.39
2021-08-03,1809.94
2021-08-04,1811.41
2021-08-05,1804.01
2021-08-06,1762.69
2021-08-09,1729.46
2021-08-10,1728.71
2021-08-11,1751.56
2021-08-12,1752.44
2021-08-13,1779.15
2021-08-16,1787.24
2021-08-17,1785.96
2021-08-18,1787.59
2021-08-19,1780.18
2021-08-20,1780.87
2021-08-23,1805.2
2021-08-24,1802.61
2021-08-25,1790.68
2021-08-26,1792.16
2021-08-27,1816.67
2021-08-30,1810.17
2021-08-31,1813.43
2021-09-01,1813.66
2021-09-02,1809.4
2021-09-03,1826.19
2021-09-06,1823.1
2021-09-07,1794.13
2021-09-08,1788.93
2021-09-09,1794.69
2021-09-10,1787.34
2021-09-13,1793.49
2021-09-14,1804.27
2021-09-15,1792.59
2021-09-16,1753.39
2021-09-17,1754.16
2021-09-20,1763.88
2021-09-21,1774.25
2021-09-22,1767.91
2021-09-23,1742.57
2021-09-24,1749.86
2021-09-27,1749.85
2021-09-28,1733.68
2021-09-29,1726.11
2021-09-30,1756.66
2021-10-01,1760.36
2021-10-04,1769.51
2021-10-05,1759.96
2021-10-06,1762.48
2021-10-07,1755.29
2021-10-08,1756.67
2021-10-11,1753.86
2021-10-12,1759.93
2021-10-13,1792.65
2021-10-14,1795.56
2021-10-15,1767.26
2021-10-18,1764.6
2021-10-19,1768.87
2021-10-20,1781.83
2021-10-21,1782.76
2021-10-22,1792.48
2021-10-25,1807.47
2021-10-26,1792.63
2021-10-27,1796.69
2021-10-28,1798.62
2021-10-29,1782.81
2021-11-01,1793.05
2021-11-02,1787.28
2021-11-03,1769.52
2021-11-04,1791.7
2021-11-05,1816.73
2021-11-08,1824.26
2021-11-09,1831.48
2021-11-10,1849.57
2021-11-11,1861.52
2021-11-12,1864.04
2021-11-15,1862.46
2021-11-16,1849.91
2021-11-17,1866.96
2021-11-18,1858.46
2021-11-19,1844.6
2021-11-22,1805.04
2021-11-23,1789.73
2021-11-24,1788.5
2021-11-25,1788.45
2021-11-26,1791.81
2021-11-29,1785.01
2021-11-30,1773.78
2021-12-01,1782.66
2021-12-02,1768.64
2021-12-03,1783.74
2021-12-06,1778.11
2021-12-07,1784.04
2021-12-08,1782.06
2021-12-09,1774.46
2021-12-10,1782.51
2021-12-13,1786.94
2021-12-14,1770.18
2021-12-15,1777.06
2021-12-16,1799.03
2021-12-17,1797.68
2021-12-20,1789.32
2021-12-21,1788.36
2021-12-22,1803.4
2021-12-23,1807.91
2021-12-24,1808.11
2021-12-27,1810.9
2021-12-28,1805.37
2021-12-29,1803.66
2021-12-30,1815.01
2021-12-31,1828.39
2022-01-03,1800.85
2022-01-04,1814.56
2022-01-05,1809.53
2022-01-06,1788.68
2022-01-07,1795.63
2022-01-10,1801.41
2022-01-11,1822.01
2022-01-12,1825.32
2022-01-13,1822.09
2022-01-14,1817.22
2022-01-17,1818.99
2022-01-18,1813.54
2022-01-19,1839.96
2022-01-20,1838.36
2022-01-21,1833.24
2022-01-24,1843.06
2022-01-25,1847.56
2022-01-26,1818.12
2022-01-27,1796.51
2022-01-28,1791.03
2022-01-31,1796.47
2022-02-01,1800.65
2022-02-02,1806.5
2022-02-03,1804.4
2022-02-04,1807.49
2022-02-07,1820.31
2022-02-08,1825.48
2022-02-09,1832.43
2022-02-10,1826.57
2022-02-11,1859.96
2022-02-14,1870.29
2022-02-15,1853.06
2022-02-16,1868.37
2022-02-17,1897.27
2022-02-18,1897.87
2022-02-21,1905.63
2022-02-22,1898.13
2022-02-23,1907.55
2022-02-24,1903.14
2022-02-25,1887.56
2022-02-28,1907.9
2022-03-01,1943.22
2022-03-02,1926.11
2022-03-03,1935.21
2022-03-04,1968.45
2022-03-07,1998.11
2022-03-08,2052.41
2022-03-09,1991.49
2022-03-10,1995.86
2022-03-11,1985.29
2022-03-14,1951.11
2022-03-15,1917.84
2022-03-16,1927.93
2022-03-17,1942.64
2022-03-18,1921.09
2022-03-21,1935.95
2022-03-22,1921.44
2022-03-23,1943.38
2022-03-24,1957.48
2022-03-25,1957.4
2022-03-28,1923.2
2022-03-29,1919.19
2022-03-30,1933.06
2022-03-31,1937.23
2022-04-01,1924.3
2022-04-04,1932.44
2022-04-05,1923.76
2022-04-06,1925.48
2022-04-07,1932.17
2022-04-08,1945.85
2022-04-11,1953.43
2022-04-12,1966.59
2022-04-13,1977.72
2022-04-14,1973.52
2022-04-15,1974.54
2022-04-18,1978.5
2022-04-19,1949.84
2022-04-20,1957.41
2022-04-21,1951.49
2022-04-22,1929.73
2022-04-25,1897.69
2022-04-26,1905.56
2022-04-27,1886.12
2022-04-28,1894.34
2022-04-29,1896.4
2022-05-02,1862.77
2022-05-03,1867.79
2022-05-04,1880.92
2022-05-05,1876.84
2022-05-06,1882.96
2022-05-09,1853.92
2022-05-10,1838.14
2022-05-11,1852.12
2022-05-12,1821.72
2022-05-13,1811.15
2022-05-16,1823.79
2022-05-17,1814.67
2022-05-18,1815.61
2022-05-19,1841.72
2022-05-20,1845.68
2022-05-23,1853.22
2022-05-24,1865.9
2022-05-25,1852.83
2022-05-26,1850.02
2022-05-27,1852.73
2022-05-30,1856.21
2022-05-31,1837.09
2022-06-01,1845.55
2022-06-02,1868.13
2022-06-03,1850.77
2022-06-06,1841.0
2022-06-07,1851.97
2022-06-08,1853.26
2022-06-09,1847.61
2022-06-10,1870.96
2022-06-13,1818.77
2022-06-14,1808.1
2022-06-15,1833.38
2022-06-16,1856.71
2022-06-17,1839.35
2022-06-20,1838.29
2022-06-21,1832.56
2022-06-22,1837.39
2022-06-23,1822.43
2022-06-24,1826.18
2022-06-27,1822.73
2022-06-28,1819.69
2022-06-29,1817.11
2022-06-30,1806.89
2022-07-01,1810.18
2022-07-04,1809.12
2022-07-05,1764.35
2022-07-06,1738.3
2022-07-07,1739.61
2022-07-08,1741.82
2022-07-11,1733.67
2022-07-12,1725.81
2022-07-13,1735.23
2022-07-14,1709.45
2022-07-15,1706.78
2022-07-18,1709.01
2022-07-19,1711.07
2022-07-20,1696.43
2022-07-21,1718.49
2022-07-22,1726.46
2022-07-25,1718.78
2022-07-26,1717.0
2022-07-27,1733.89
2022-07-28,1755.11
2022-07-29,1765.22
2022-08-01,1771.73
2022-08-02,1759.75
2022-08-03,1764.9
2022-08-04,1790.97
2022-08-05,1774.15
2022-08-08,1788.52
2022-08-09,1794.08
2022-08-10,1792.13
2022-08-11,1789.45
2022-08-12,1801.76
2022-08-15,1778.91
2022-08-16,1775.54
2022-08-17,1761.05
2022-08-18,1758.2
2022-08-19,1747.83
2022-08-22,1735.7
2022-08-23,1747.67
2022-08-24,1750.89
2022-08-25,1758.44
2022-08-26,1736.86
2022-08-29,1737.82
2022-08-30,1723.55
2022-08-31,1710.7
2022-09-01,1696.09
2022-09-02,1711.44
2022-09-05,1710.21
2022-09-06,1701.15
2022-09-07,1717.69
2022-09-08,1707.28
2022-09-09,1716.05
2022-09-12,1724.07
2022-09-13,1701.55
2022-09-14,1695.8
2022-09-15,1663.74
2022-09-16,1674.94
2022-09-19,1675.78
2022-09-20,1663.11
2022-09-21,1673.74
2022-09-22,1670.53
2022-09-23,1643.09
2022-09-26,1621.57
2022-09-27,1628.8
2022-09-28,1659.44
2022-09-29,1660.29
2022-09-30,1659.67
2022-10-03,1699.22
2022-10-04,1726.24
2022-10-05,1715.81
2022-10-06,1710.85
2022-10-07,1694.52
2022-10-10,1667.96
2022-10-11,1665.31
2022-10-12,1672.51
2022-10-13,1665.8
2022-10-14,1641.76
2022-10-17,1649.94
2022-10-18,1651.83
2022-10-19,1628.49
2022-10-20,1627.66
2022-10-21,1656.66
2022-10-24,1648.6
2022-10-25,1652.52
2022-10-26,1664.49
2022-10-27,1662.94
2022-10-28,1641.76
2022-10-31,1633.12
2022-11-01,1647.5
2022-11-02,1634.89
2022-11-03,1629.15
2022-11-04,1680.27
2022-11-07,1674.68
2022-11-08,1712.52
2022-11-09,1706.32
2022-11-10,1754.75
2022-11-11,1770.69
2022-11-14,1771.8
2022-11-15,1778.25
2022-11-16,1773.77
2022-11-17,1760.87
2022-11-18,1749.74
2022-11-21,1737.81
2022-11-22,1740.24
2022-11-23,1749.28
2022-11-24,1754.96
2022-11-25,1756.14
2022-11-28,1740.75
2022-11-29,1749.73
2022-11-30,1768.45
2022-12-01,1802.89
2022-12-02,1797.82
2022-12-05,1768.39
2022-12-06,1770.91
2022-12-07,1786.22
2022-12-08,1789.23
2022-12-09,1796.63
2022-12-12,1781.15
2022-12-13,1810.29
2022-12-14,1807.27
2022-12-15,1776.66
2022-12-16,1792.34
2022-12-19,1787.44
2022-12-20,1817.41
2022-12-21,1814.13
2022-12-22,1792.57
2022-12-23,1797.91
2022-12-26,1797.61
2022-12-27,1813.93
2022-12-28,1804.09
2022-12-29,1814.89
2022-12-30,1824.4
2023-01-02,1823.69
2023-01-03,1839.49
2023-01-04,1854.09
2023-01-05,1833.19
2023-01-06,1865.71
2023-01-09,1871.59
2023-01-10,1877.27
2023-01-11,1876.38
2023-01-12,1896.86
2023-01-13,1920.21
2023-01-16,1918.0
2023-01-17,1908.39
2023-01-18,1903.76
2023-01-19,1931.39
2023-01-20,1926.57
2023-01-23,1931.3
2023-01-24,1937.45
2023-01-25,1945.93
2023-01-26,1928.99
2023-01-27,1927.34
2023-01-30,1922.52
2023-01-31,1927.88
2023-02-01,1950.42
2023-02-02,1912.37
2023-02-03,1865.53
2023-02-06,1867.36
2023-02-07,1873.81
2023-02-08,1875.59
2023-02-09,1861.39
2023-02-10,1864.67
2023-02-13,1853.39
2023-02-14,1854.29
2023-02-15,1836.19
2023-02-16,1837.44
2023-02-17,1841.59
2023-02-20,1841.14
2023-02-21,1834.32
2023-02-22,1825.04
2023-02-23,1822.64
2023-02-24,1810.81
2023-02-27,1817.31
2023-02-28,1827.15
2023-03-01,1836.81
2023-03-02,1836.0
2023-03-03,1854.97
2023-03-06,1846.85
2023-03-07,1813.52
2023-03-08,1813.59
2023-03-09,1830.89
2023-03-10,1867.83
2023-03-13,1913.23
2023-03-14,1902.12
2023-03-15,1918.1
2023-03-16,1919.12
2023-03-17,1987.93
2023-03-20,1978.71
2023-03-21,1940.15
2023-03-22,1969.58
2023-03-23,1993.5
2023-03-24,1977.22
2023-03-27,1956.56
2023-03-28,1973.69
2023-03-29,1964.04
2023-03-30,1980.25
2023-03-31,1967.9
2023-04-03,1984.11
2023-04-04,2019.97
2023-04-05,2020.35
2023-04-06,2008.02
2023-04-10,1989.95
2023-04-11,2003.14
2023-04-12,2014.67
2023-04-13,2039.73
2023-04-14,2003.04
2023-04-17,1994.77
2023-04-18,2004.93
2023-04-19,1993.26
2023-04-20,2004.34
2023-04-21,1982.89
2023-04-24,1988.88
2023-04-25,1997.87
2023-04-26,1989.48
2023-04-27,1987.87
2023-04-28,1989.65
2023-05-01,1982.05
2023-05-02,2016.28
2023-05-03,2039.02
2023-05-04,2051.11
2023-05-05,2016.54
2023-05-08,2021.39
2023-05-09,2034.17
2023-05-10,2029.51
2023-05-11,2015.55
2023-05-12,2011.15
2023-05-15,2020.6
2023-05-16,1988.6
2023-05-17,1981.72
2023-05-18,1958.05
2023-05-19,1976.56
2023-05-22,1969.43
2023-05-23,1974.73
2023-05-24,1957.01
2023-05-25,1940.34
2023-05-26,1946.33
2023-05-29,1942.84
2023-05-30,1959.14
2023-05-31,1962.3
2023-06-01,1977.88
2023-06-02,1947.63
2023-06-05,1961.76
2023-06-06,1962.85
2023-06-07,1939.63
2023-06-08,1967.76
2023-06-09,1960.6
2023-06-12,1956.92
2023-06-13,1943.33
2023-06-14,1942.99
2023-06-15,1957.65
2023-06-16,1957.36
2023-06-19,1950.12
2023-06-20,1935.91
2023-06-21,1932.26
2023-06-22,1913.52
2023-06-23,1921.36
2023-06-26,1922.85
2023-06-27,1913.35
2023-06-28,1907.42
2023-06-29,1908.15
2023-06-30,1919.57
2023-07-03,1921.43
2023-07-04,1925.09
2023-07-05,1917.32
2023-07-06,1910.8
2023-07-07,1924.28
2023-07-10,1924.99
2023-07-11,1931.99
2023-07-12,1957.09
2023-07-13,1960.19
2023-07-14,1954.93
2023-07-17,1954.74
2023-07-18,1978.71
2023-07-19,1977.25
2023-07-20,1969.62
2023-07-21,1960.23
2023-07-24,1954.51
2023-07-25,1964.58
2023-07-26,1972.1
2023-07-27,1944.99
2023-07-28,1959.2
2023-07-31,1964.19
2023-08-01,1944.08
2023-08-02,1933.56
2023-08-03,1933.74
2023-08-04,1941.62
2023-08-07,1936.39
2023-08-08,1924.82
2023-08-09,1914.59
2023-08-10,1912.06
2023-08-11,1913.32
2023-08-14,1907.9
2023-08-15,1901.56
2023-08-16,1891.76
2023-08-17,1888.89
2023-08-18,1888.19
2023-08-21,1893.94
2023-08-22,1897.47
2023-08-23,1914.31
2023-08-24,1917.43
2023-08-25,1914.53
2023-08-28,1919.66
2023-08-29,1937.12
2023-08-30,1942.24
2023-08-31,1939.74
2023-09-01,1938.8
2023-09-04,1938.19
2023-09-05,1925.81
2023-09-06,1916.28
2023-09-07,1919.19
2023-09-08,1917.81
2023-09-11,1921.66
2023-09-12,1913.26
2023-09-13,1906.3
2023-09-14,1910.32
2023-09-15,1923.57
2023-09-18,1933.14
2023-09-19,1930.94
2023-09-20,1929.68
2023-09-21,1919.57
2023-09-22,1924.99
2023-09-25,1915.66
2023-09-26,1900.49
2023-09-27,1874.7
2023-09-28,1864.56
2023-09-29,1848.31
2023-10-02,1827.4
2023-10-03,1822.81
2023-10-04,1821.08
2023-10-05,1820.01
2023-10-06,1832.26
2023-10-09,1860.88
2023-10-10,1860.09
2023-10-11,1873.61
2023-10-12,1868.65
2023-10-13,1931.7
2023-10-16,1919.44
2023-10-17,1923.07
2023-10-18,1947.69
2023-10-19,1973.7
2023-10-20,1981.04
2023-10-23,1972.59
2023-10-24,1970.11
2023-10-25,1979.62
2023-10-26,1984.82
2023-10-27,2005.78
2023-10-30,1995.88
2023-10-31,1982.7
2023-11-01,1982.15
2023-11-02,1985.51
2023-11-03,1992.27
2023-11-06,1977.68
2023-11-07,1968.4
2023-11-08,1949.79
2023-11-09,1958.19
2023-11-10,1936.79
2023-11-13,1945.89
2023-11-14,1962.67
2023-11-15,1959.09
2023-11-16,1980.85
2023-11-17,1980.01
2023-11-20,1977.19
2023-11-21,1998.37
2023-11-22,1989.72
2023-11-23,1991.79
2023-11-24,2001.97
2023-11-27,2013.64
2023-11-28,2040.89
2023-11-29,2044.59
2023-11-30,2035.75
2023-12-01,2070.9
2023-12-04,2029.74
2023-12-05,2019.42
2023-12-06,2024.9
2023-12-07,2028.34
2023-12-08,2003.39
2023-12-11,1981.3
2023-12-12,1979.44
2023-12-13,2026.39
2023-12-14,2035.53
2023-12-15,2018.19
2023-12-18,2027.0
2023-12-19,2040.12
2023-12-20,2029.19
2023-12-21,2045.49
2023-12-22,2052.98
2023-12-25,2054.93
2023-12-26,2066.6
2023-12-27,2077.16
2023-12-28,2064.86
2023-12-29,2062.59
2024-01-01,2063.8
2024-01-02,2058.88
2024-01-03,2040.78
2024-01-04,2043.26
2024-01-05,2045.5
2024-01-08,2027.84
2024-01-09,2029.59
2024-01-10,2023.4
2024-01-11,2028.09
2024-01-12,2048.72
2024-01-15,2054.49
2024-01-16,2027.59
2024-01-17,2005.72
2024-01-18,2022.67
2024-01-19,2029.09
2024-01-22,2020.99
2024-01-23,2028.69
2024-01-24,2012.59
2024-01-25,2019.75
2024-01-26,2018.34
2024-01-29,2031.75
2024-01-30,2036.12
2024-01-31,2037.19
2024-02-01,2054.89
2024-02-02,2038.59
2024-02-05,2024.67
2024-02-06,2035.46
2024-02-07,2034.22
2024-02-08,2033.18
2024-02-09,2024.16
2024-02-12,2019.79
2024-02-13,1992.13
2024-02-14,1992.39
2024-02-15,2004.09
2024-02-16,2013.1
2024-02-19,2017.63
2024-02-20,2023.53
2024-02-21,2024.99
2024-02-22,2024.11
2024-02-23,2035.72
2024-02-26,2030.66
2024-02-27,2029.64
2024-02-28,2034.62
2024-02-29,2043.24
2024-03-01,2083.39
2024-03-04,2114.99
2024-03-05,2127.55
2024-03-06,2148.29
2024-03-07,2159.16
2024-03-08,2177.51
2024-03-11,2182.47
2024-03-12,2157.99
2024-03-13,2174.4
2024-03-14,2161.01
2024-03-15,2155.54
2024-03-18,2159.99
2024-03-19,2157.23
2024-03-20,2185.96
2024-03-21,2180.81
2024-03-22,2164.15
2024-03-25,2171.45
2024-03-26,2178.58
2024-03-27,2194.02
2024-03-28,2232.38
2024-04-01,2250.36
2024-04-02,2280.1
2024-04-03,2299.17
2024-04-04,2289.43
2024-04-05,2329.5
2024-04-08,2338.89
2024-04-09,2352.58
2024-04-10,2332.79
2024-04-11,2373.24
2024-04-12,2343.43
2024-04-15,2382.51
2024-04-16,2382.83
2024-04-17,2360.81
2024-04-18,2378.25
2024-04-19,2390.45
2024-04-22,2326.29
2024-04-23,2321.81
2024-04-24,2315.82
2024-04-25,2331.78
2024-04-26,2337.72
2024-04-29,2334.44
2024-04-30,2285.57
2024-05-01,2317.9
2024-05-02,2303.29
2024-05-03,2301.56
2024-05-06,2323.57
2024-05-07,2313.79
2024-05-08,2308.65
2024-05-09,2345.88
2024-05-10,2360.14
2024-05-13,2336.05
2024-05-14,2357.97
2024-05-15,2386.04
2024-05-16,2376.44
2024-05-17,2414.89
2024-05-20,2425.12
2024-05-21,2421.64
2024-05-22,2378.25
2024-05-23,2328.37
2024-05-24,2333.76
2024-05-27,2350.74
2024-05-28,2360.95
2024-05-29,2338.77
2024-05-30,2343.0
2024-05-31,2326.97
2024-06-03,2350.35
2024-06-04,2327.68
2024-06-05,2354.78
2024-06-06,2375.61
2024-06-07,2292.71
2024-06-10,2310.6
2024-06-11,2316.27
2024-06-12,2322.55
2024-06-13,2303.19
2024-06-14,2332.52
2024-06-17,2318.87
2024-06-18,2328.33
2024-06-19,2327.48
2024-06-20,2359.63
2024-06-21,2320.34
2024-06-24,2332.93
2024-06-25,2319.01
2024-06-26,2297.91
2024-06-27,2327.45
2024-06-28,2325.71
2024-07-01,2331.7
2024-07-02,2329.28
2024-07-03,2356.06
2024-07-04,2356.12
2024-07-05,2391.46
2024-07-08,2358.8
2024-07-09,2363.58
2024-07-10,2371.07
2024-07-11,2414.78
2024-07-12,2411.27
2024-07-15,2422.07
2024-07-16,2468.57
2024-07-17,2458.38
2024-07-18,2444.97
2024-07-19,2400.79
2024-07-22,2397.65
2024-07-23,2409.21
2024-07-24,2397.59
2024-07-25,2364.5
2024-07-26,2385.57
2024-07-29,2383.54
2024-07-30,2408.43
2024-07-31,2448.1
2024-08-01,2445.42
2024-08-02,2443.29
2024-08-05,2407.65
2024-08-06,2389.37
2024-08-07,2381.53
2024-08-08,2426.75
2024-08-09,2430.93
2024-08-12,2472.25
2024-08-13,2465.03
2024-08-14,2447.64
2024-08-15,2456.1
2024-08-16,2507.28
2024-08-19,2503.92
2024-08-20,2513.74
2024-08-21,2511.95
2024-08-22,2483.29
2024-08-23,2512.07
2024-08-26,2516.89
2024-08-27,2524.57
2024-08-28,2502.25
2024-08-29,2521.18
2024-08-30,2503.03
2024-09-02,2499.29
2024-09-03,2492.76
2024-09-04,2494.19
2024-09-05,2516.32
2024-09-06,2497.03
2024-09-09,2505.25
2024-09-10,2516.12
2024-09-11,2511.44
2024-09-12,2558.75
2024-09-13,2576.5
2024-09-16,2582.58
2024-09-17,2569.52
2024-09-18,2558.8
2024-09-19,2586.48
2024-09-20,2621.96
2024-09-23,2628.4
2024-09-24,2656.7
2024-09-25,2656.82
2024-09-26,2670.2
2024-09-27,2657.97
2024-09-30,2634.49
2024-10-01,2662.82
2024-10-02,2657.75
2024-10-03,2655.9
2024-10-04,2652.25
2024-10-07,2643.58
2024-10-08,2621.94
2024-10-09,2607.77
2024-10-10,2629.48
2024-10-11,2656.0
2024-10-14,2651.05
2024-10-15,2660.99
2024-10-16,2673.24
2024-10-17,2692.55
2024-10-18,2720.25
2024-10-21,2719.65
2024-10-22,2748.38
2024-10-23,2717.54
2024-10-24,2735.7
2024-10-25,2747.69
2024-10-28,2741.98
2024-10-29,2775.13
2024-10-30,2786.19
2024-10-31,2743.8
2024-11-01,2735.16
2024-11-04,2736.39
2024-11-05,2743.59
2024-11-06,2659.24
2024-11-07,2706.99
2024-11-08,2683.77
2024-11-11,2620.2
2024-11-12,2597.27
2024-11-13,2573.78
2024-11-14,2566.19
2024-11-15,2561.24
2024-11-18,2612.2
2024-11-19,2631.68
2024-11-20,2650.05
2024-11-21,2669.69
2024-11-22,2712.55
2024-11-25,2625.26
2024-11-26,2631.89
2024-11-27,2635.51
2024-11-28,2640.96
2024-11-29,2653.55
2024-12-02,2638.93
2024-12-03,2643.44
2024-12-04,2649.79
2024-12-05,2632.05
2024-12-06,2632.91
2024-12-09,2658.78
2024-12-10,2693.64
2024-12-11,2717.93
2024-12-12,2681.33
2024-12-13,2648.39
2024-12-16,2652.5
2024-12-17,2645.54
2024-12-18,2587.63
2024-12-19,2593.85
2024-12-20,2620.77
2024-12-23,2612.93
2024-12-24,2613.2
2024-12-26,2634.43
2024-12-27,2620.0
2024-12-30,2605.39
2024-12-31,2623.81
